Country,date,value
European_Union,2017/01,29869662
European_Union,2017/02,32348843
European_Union,2017/03,37633947
European_Union,2017/04,45800418
European_Union,2017/05,48326633
European_Union,2017/06,56256978
European_Union,2017/07,66980074
European_Union,2017/08,68371818
European_Union,2017/09,51625987
European_Union,2017/10,43972449
European_Union,2017/11,35586553
European_Union,2017/12,36263968
European_Union,2018/01,31019500
European_Union,2018/02,33581806
European_Union,2018/03,40702451
European_Union,2018/04,44391130
European_Union,2018/05,50990254
European_Union,2018/06,57666393
European_Union,2018/07,66604584
European_Union,2018/08,71565069
European_Union,2018/09,53779540
European_Union,2018/10,45704318
European_Union,2018/11,37957454
European_Union,2018/12,37289658
European_Union,2019/01,31700920
European_Union,2019/02,34806322
European_Union,2019/03,41198151
European_Union,2019/04,47438695
European_Union,2019/05,51744804
European_Union,2019/06,61785641
European_Union,2019/07,69147655
European_Union,2019/08,75298804
European_Union,2019/09,58369229
European_Union,2019/10,47083645
European_Union,2019/11,39776740
European_Union,2019/12,37786166
European_Union,2020/01,33323003
European_Union,2020/02,36551604
European_Union,2020/03,14856761
European_Union,2020/04,2487127
European_Union,2020/05,7947790
European_Union,2020/06,26394981
European_Union,2020/07,58942901
European_Union,2020/08,71366329
European_Union,2020/09,45047998
European_Union,2020/10,30926303
European_Union,2020/11,9972044
European_Union,2020/12,9360654
European_Union,2021/01,7714878
European_Union,2021/02,10048881
European_Union,2021/03,11014126
European_Union,2021/04,12611426
European_Union,2021/05,27212784
European_Union,2021/06,43920021
European_Union,2021/07,67054781
European_Union,2021/08,73445046
European_Union,2021/09,55354237
European_Union,2021/10,
Belgium,2017/01,391394
Belgium,2017/02,491850
Belgium,2017/03,605637
Belgium,2017/04,744209
Belgium,2017/05,708409
Belgium,2017/06,683856
Belgium,2017/07,884224
Belgium,2017/08,805530
Belgium,2017/09,743054
Belgium,2017/10,711526
Belgium,2017/11,581775
Belgium,2017/12,583220
Belgium,2018/01,411369
Belgium,2018/02,528428
Belgium,2018/03,645869
Belgium,2018/04,769996
Belgium,2018/05,784185
Belgium,2018/06,730797
Belgium,2018/07,940149
Belgium,2018/08,892094
Belgium,2018/09,759854
Belgium,2018/10,738993
Belgium,2018/11,630334
Belgium,2018/12,608993
Belgium,2019/01,407492
Belgium,2019/02,523988
Belgium,2019/03,684742
Belgium,2019/04,829347
Belgium,2019/05,768537
Belgium,2019/06,777155
Belgium,2019/07,939287
Belgium,2019/08,938728
Belgium,2019/09,780301
Belgium,2019/10,772767
Belgium,2019/11,662795
Belgium,2019/12,629148
Belgium,2020/01,447254
Belgium,2020/02,579918
Belgium,2020/03,227830
Belgium,2020/04,9573
Belgium,2020/05,18666
Belgium,2020/06,292838
Belgium,2020/07,944647
Belgium,2020/08,843070
Belgium,2020/09,649500
Belgium,2020/10,413953
Belgium,2020/11,161254
Belgium,2020/12,203973
Belgium,2021/01,
Belgium,2021/02,348384
Belgium,2021/03,306448
Belgium,2021/04,563809
Belgium,2021/05,592963
Belgium,2021/06,686818
Belgium,2021/07,1178936
Belgium,2021/08,1089873
Belgium,2021/09,850109
Belgium,2021/10,
Bulgaria,2017/01,206548
Bulgaria,2017/02,250346
Bulgaria,2017/03,260595
Bulgaria,2017/04,281992
Bulgaria,2017/05,273680
Bulgaria,2017/06,363907
Bulgaria,2017/07,456594
Bulgaria,2017/08,493799
Bulgaria,2017/09,361388
Bulgaria,2017/10,272414
Bulgaria,2017/11,270852
Bulgaria,2017/12,313701
Bulgaria,2018/01,227413
Bulgaria,2018/02,252199
Bulgaria,2018/03,274163
Bulgaria,2018/04,270155
Bulgaria,2018/05,286218
Bulgaria,2018/06,389068
Bulgaria,2018/07,439893
Bulgaria,2018/08,510216
Bulgaria,2018/09,365671
Bulgaria,2018/10,283211
Bulgaria,2018/11,273173
Bulgaria,2018/12,318141
Bulgaria,2019/01,229045
Bulgaria,2019/02,248521
Bulgaria,2019/03,294791
Bulgaria,2019/04,281775
Bulgaria,2019/05,310573
Bulgaria,2019/06,408187
Bulgaria,2019/07,485089
Bulgaria,2019/08,566638
Bulgaria,2019/09,377840
Bulgaria,2019/10,
Bulgaria,2019/11,
Bulgaria,2019/12,322211
Bulgaria,2020/01,271747
Bulgaria,2020/02,299710
Bulgaria,2020/03,113785
Bulgaria,2020/04,13435
Bulgaria,2020/05,
Bulgaria,2020/06,165176
Bulgaria,2020/07,426953
Bulgaria,2020/08,633004
Bulgaria,2020/09,421519
Bulgaria,2020/10,
Bulgaria,2020/11,
Bulgaria,2020/12,
Bulgaria,2021/01,
Bulgaria,2021/02,
Bulgaria,2021/03,
Bulgaria,2021/04,
Bulgaria,2021/05,
Bulgaria,2021/06,378530
Bulgaria,2021/07,634692
Bulgaria,2021/08,694375
Bulgaria,2021/09,387050
Bulgaria,2021/10,
Czechia,2017/01,528550
Czechia,2017/02,604698
Czechia,2017/03,624680
Czechia,2017/04,637366
Czechia,2017/05,840810
Czechia,2017/06,962009
Czechia,2017/07,1457325
Czechia,2017/08,1368393
Czechia,2017/09,968087
Czechia,2017/10,695448
Czechia,2017/11,624094
Czechia,2017/12,528633
Czechia,2018/01,590187
Czechia,2018/02,643801
Czechia,2018/03,691245
Czechia,2018/04,685699
Czechia,2018/05,913088
Czechia,2018/06,1067890
Czechia,2018/07,1561990
Czechia,2018/08,1484248
Czechia,2018/09,1018725
Czechia,2018/10,759607
Czechia,2018/11,680656
Czechia,2018/12,538620
Czechia,2019/01,621187
Czechia,2019/02,667064
Czechia,2019/03,697757
Czechia,2019/04,732811
Czechia,2019/05,955950
Czechia,2019/06,1140383
Czechia,2019/07,1584708
Czechia,2019/08,1593434
Czechia,2019/09,1026809
Czechia,2019/10,828888
Czechia,2019/11,703416
Czechia,2019/12,561442
Czechia,2020/01,659202
Czechia,2020/02,712316
Czechia,2020/03,292683
Czechia,2020/04,17149
Czechia,2020/05,116442
Czechia,2020/06,774378
Czechia,2020/07,1888307
Czechia,2020/08,1956128
Czechia,2020/09,1076118
Czechia,2020/10,320372
Czechia,2020/11,83798
Czechia,2020/12,155381
Czechia,2021/01,80087
Czechia,2021/02,77498
Czechia,2021/03,68218
Czechia,2021/04,88156
Czechia,2021/05,251804
Czechia,2021/06,998404
Czechia,2021/07,2037180
Czechia,2021/08,1993381
Czechia,2021/09,1400763
Czechia,2021/10,1008774
Denmark,2017/01,224738
Denmark,2017/02,253546
Denmark,2017/03,311789
Denmark,2017/04,437337
Denmark,2017/05,472003
Denmark,2017/06,445384
Denmark,2017/07,614793
Denmark,2017/08,588271
Denmark,2017/09,466213
Denmark,2017/10,429168
Denmark,2017/11,323651
Denmark,2017/12,247222
Denmark,2018/01,234693
Denmark,2018/02,257447
Denmark,2018/03,337322
Denmark,2018/04,411694
Denmark,2018/05,485694
Denmark,2018/06,434499
Denmark,2018/07,630741
Denmark,2018/08,605957
Denmark,2018/09,471654
Denmark,2018/10,452834
Denmark,2018/11,346696
Denmark,2018/12,257443
Denmark,2019/01,252059
Denmark,2019/02,270171
Denmark,2019/03,333019
Denmark,2019/04,473850
Denmark,2019/05,501772
Denmark,2019/06,468627
Denmark,2019/07,691034
Denmark,2019/08,627596
Denmark,2019/09,477714
Denmark,2019/10,461453
Denmark,2019/11,359482
Denmark,2019/12,260564
Denmark,2020/01,251792
Denmark,2020/02,282434
Denmark,2020/03,146792
Denmark,2020/04,141009
Denmark,2020/05,207339
Denmark,2020/06,294539
Denmark,2020/07,891658
Denmark,2020/08,647908
Denmark,2020/09,433525
Denmark,2020/10,436997
Denmark,2020/11,239916
Denmark,2020/12,156005
Denmark,2021/01,89592
Denmark,2021/02,
Denmark,2021/03,164911
Denmark,2021/04,296888
Denmark,2021/05,420153
Denmark,2021/06,455141
Denmark,2021/07,923610
Denmark,2021/08,788583
Denmark,2021/09,611916
Denmark,2021/10,
Germany,2017/01,7304707
Germany,2017/02,7705210
Germany,2017/03,9618365
Germany,2017/04,10915665
Germany,2017/05,12877578
Germany,2017/06,13921254
Germany,2017/07,14036946
Germany,2017/08,13689981
Germany,2017/09,13888505
Germany,2017/10,12509550
Germany,2017/11,9555124
Germany,2017/12,8987706
Germany,2018/01,7636908
Germany,2018/02,8241299
Germany,2018/03,10197084
Germany,2018/04,11068555
Germany,2018/05,13895437
Germany,2018/06,14043563
Germany,2018/07,14540578
Germany,2018/08,14366966
Germany,2018/09,14200705
Germany,2018/10,12896279
Germany,2018/11,10248920
Germany,2018/12,9158177
Germany,2019/01,7799507
Germany,2019/02,8515114
Germany,2019/03,10345421
Germany,2019/04,11753616
Germany,2019/05,13979183
Germany,2019/06,14987710
Germany,2019/07,15060183
Germany,2019/08,15143213
Germany,2019/09,14364197
Germany,2019/10,13532150
Germany,2019/11,10673783
Germany,2019/12,9525358
Germany,2020/01,8113448
Germany,2020/02,8995075
Germany,2020/03,4313114
Germany,2020/04,771559
Germany,2020/05,3154421
Germany,2020/06,8250146
Germany,2020/07,11713907
Germany,2020/08,13097523
Germany,2020/09,11955573
Germany,2020/10,9253332
Germany,2020/11,1866667
Germany,2020/12,1207108
Germany,2021/01,1136580
Germany,2021/02,1321583
Germany,2021/03,1843839
Germany,2021/04,1648188
Germany,2021/05,3437291
Germany,2021/06,8257347
Germany,2021/07,12559488
Germany,2021/08,14403406
Germany,2021/09,13210908
Germany,2021/10,
Estonia,2017/01,86020
Estonia,2017/02,93840
Estonia,2017/03,101461
Estonia,2017/04,99979
Estonia,2017/05,100176
Estonia,2017/06,134868
Estonia,2017/07,185832
Estonia,2017/08,172105
Estonia,2017/09,
Estonia,2017/10,105175
Estonia,2017/11,97227
Estonia,2017/12,113213
Estonia,2018/01,87315
Estonia,2018/02,94539
Estonia,2018/03,106755
Estonia,2018/04,100034
Estonia,2018/05,101735
Estonia,2018/06,141260
Estonia,2018/07,197936
Estonia,2018/08,185143
Estonia,2018/09,98138
Estonia,2018/10,111061
Estonia,2018/11,105661
Estonia,2018/12,121383
Estonia,2019/01,94757
Estonia,2019/02,108322
Estonia,2019/03,109420
Estonia,2019/04,105940
Estonia,2019/05,110780
Estonia,2019/06,152237
Estonia,2019/07,195486
Estonia,2019/08,201684
Estonia,2019/09,105002
Estonia,2019/10,116064
Estonia,2019/11,115870
Estonia,2019/12,120964
Estonia,2020/01,94809
Estonia,2020/02,111734
Estonia,2020/03,44566
Estonia,2020/04,11627
Estonia,2020/05,31977
Estonia,2020/06,121365
Estonia,2020/07,210261
Estonia,2020/08,218741
Estonia,2020/09,115945
Estonia,2020/10,138978
Estonia,2020/11,103117
Estonia,2020/12,92945
Estonia,2021/01,85809
Estonia,2021/02,87240
Estonia,2021/03,42460
Estonia,2021/04,50226
Estonia,2021/05,75166
Estonia,2021/06,184536
Estonia,2021/07,295563
Estonia,2021/08,244561
Estonia,2021/09,140150
Estonia,2021/10,
Ireland,2017/01,426615
Ireland,2017/02,573496
Ireland,2017/03,684216
Ireland,2017/04,852483
Ireland,2017/05,661669
Ireland,2017/06,702564
Ireland,2017/07,670209
Ireland,2017/08,648696
Ireland,2017/09,562809
Ireland,2017/10,748648
Ireland,2017/11,759135
Ireland,2017/12,592767
Ireland,2018/01,471131
Ireland,2018/02,528208
Ireland,2018/03,633010
Ireland,2018/04,658260
Ireland,2018/05,719851
Ireland,2018/06,795386
Ireland,2018/07,605023
Ireland,2018/08,723006
Ireland,2018/09,788367
Ireland,2018/10,820342
Ireland,2018/11,711933
Ireland,2018/12,576879
Ireland,2019/01,
Ireland,2019/02,
Ireland,2019/03,
Ireland,2019/04,
Ireland,2019/05,
Ireland,2019/06,
Ireland,2019/07,
Ireland,2019/08,
Ireland,2019/09,
Ireland,2019/10,
Ireland,2019/11,
Ireland,2019/12,
Ireland,2020/01,323000
Ireland,2020/02,462000
Ireland,2020/03,392000
Ireland,2020/04,0
Ireland,2020/05,0
Ireland,2020/06,0
Ireland,2020/07,743000
Ireland,2020/08,1232000
Ireland,2020/09,525000
Ireland,2020/10,165000
Ireland,2020/11,49000
Ireland,2020/12,227000
Ireland,2021/01,25000
Ireland,2021/02,18000
Ireland,2021/03,19000
Ireland,2021/04,18000
Ireland,2021/05,11000
Ireland,2021/06,391000
Ireland,2021/07,
Ireland,2021/08,
Ireland,2021/09,
Ireland,2021/10,
Greece,2017/01,419670
Greece,2017/02,443110
Greece,2017/03,529099
Greece,2017/04,631113
Greece,2017/05,571969
Greece,2017/06,765454
Greece,2017/07,1132427
Greece,2017/08,1423831
Greece,2017/09,769975
Greece,2017/10,514953
Greece,2017/11,428979
Greece,2017/12,511991
Greece,2018/01,516983
Greece,2018/02,527393
Greece,2018/03,613470
Greece,2018/04,746763
Greece,2018/05,745476
Greece,2018/06,829325
Greece,2018/07,1187107
Greece,2018/08,1483978
Greece,2018/09,856328
Greece,2018/10,583293
Greece,2018/11,529964
Greece,2018/12,644666
Greece,2019/01,483110
Greece,2019/02,482649
Greece,2019/03,650843
Greece,2019/04,747356
Greece,2019/05,655625
Greece,2019/06,899029
Greece,2019/07,1147533
Greece,2019/08,1525011
Greece,2019/09,813714
Greece,2019/10,633427
Greece,2019/11,524746
Greece,2019/12,600512
Greece,2020/01,528321
Greece,2020/02,547647
Greece,2020/03,
Greece,2020/04,12414
Greece,2020/05,28040
Greece,2020/06,299839
Greece,2020/07,797766
Greece,2020/08,1173305
Greece,2020/09,488660
Greece,2020/10,350527
Greece,2020/11,107960
Greece,2020/12,
Greece,2021/01,
Greece,2021/02,
Greece,2021/03,
Greece,2021/04,
Greece,2021/05,225488
Greece,2021/06,557212
Greece,2021/07,970223
Greece,2021/08,1521118
Greece,2021/09,777042
Greece,2021/10,
Spain,2017/01,3025984
Spain,2017/02,3648824
Spain,2017/03,4336184
Spain,2017/04,6111789
Spain,2017/05,5158582
Spain,2017/06,6353852
Spain,2017/07,7598585
Spain,2017/08,8557385
Spain,2017/09,6086124
Spain,2017/10,5181343
Spain,2017/11,3873972
Spain,2017/12,4204690
Spain,2018/01,3122019
Spain,2018/02,3704170
Spain,2018/03,5123451
Spain,2018/04,5142951
Spain,2018/05,5242353
Spain,2018/06,6445601
Spain,2018/07,7472942
Spain,2018/08,8867777
Spain,2018/09,6219963
Spain,2018/10,5260757
Spain,2018/11,4189575
Spain,2018/12,4238911
Spain,2019/01,3127776
Spain,2019/02,3805268
Spain,2019/03,4770403
Spain,2019/04,5698320
Spain,2019/05,5703780
Spain,2019/06,6954361
Spain,2019/07,7835544
Spain,2019/08,9309867
Spain,2019/09,6132142
Spain,2019/10,5196101
Spain,2019/11,4237770
Spain,2019/12,4319005
Spain,2020/01,3360783
Spain,2020/02,4260010
Spain,2020/03,1623627
Spain,2020/04,0
Spain,2020/05,123622
Spain,2020/06,1397705
Spain,2020/07,5185852
Spain,2020/08,7272421
Spain,2020/09,4064841
Spain,2020/10,2517349
Spain,2020/11,1073258
Spain,2020/12,1345927
Spain,2021/01,1005114
Spain,2021/02,1105653
Spain,2021/03,1844450
Spain,2021/04,2143441
Spain,2021/05,3475886
Spain,2021/06,5834993
Spain,2021/07,8628347
Spain,2021/08,10445098
Spain,2021/09,6630017
Spain,2021/10,
France,2017/01,6436650
France,2017/02,7001905
France,2017/03,7837256
France,2017/04,10184189
France,2017/05,10634915
France,2017/06,11677491
France,2017/07,15215801
France,2017/08,15595666
France,2017/09,10617452
France,2017/10,8506812
France,2017/11,6979330
France,2017/12,7228459
France,2018/01,6540632
France,2018/02,7027686
France,2018/03,8460811
France,2018/04,9478123
France,2018/05,11036107
France,2018/06,11780564
France,2018/07,14553154
France,2018/08,16164168
France,2018/09,10898352
France,2018/10,8677038
France,2018/11,7120299
France,2018/12,7233066
France,2019/01,6556455
France,2019/02,7368995
France,2019/03,8301963
France,2019/04,10444626
France,2019/05,10651107
France,2019/06,12940735
France,2019/07,15018022
France,2019/08,17001390
France,2019/09,15056832
France,2019/10,8834499
France,2019/11,7692733
France,2019/12,7329581
France,2020/01,
France,2020/02,
France,2020/03,
France,2020/04,
France,2020/05,
France,2020/06,
France,2020/07,13188388
France,2020/08,16740249
France,2020/09,9341011
France,2020/10,6626402
France,2020/11,
France,2020/12,
France,2021/01,
France,2021/02,
France,2021/03,
France,2021/04,
France,2021/05,7339426
France,2021/06,
France,2021/07,
France,2021/08,
France,2021/09,10949494
France,2021/10,
Croatia,2017/01,75597
Croatia,2017/02,83955
Croatia,2017/03,110177
Croatia,2017/04,145918
Croatia,2017/05,179748
Croatia,2017/06,205964
Croatia,2017/07,254310
Croatia,2017/08,249465
Croatia,2017/09,151353
Croatia,2017/10,143136
Croatia,2017/11,112453
Croatia,2017/12,116157
Croatia,2018/01,87969
Croatia,2018/02,82011
Croatia,2018/03,118709
Croatia,2018/04,167138
Croatia,2018/05,199332
Croatia,2018/06,233136
Croatia,2018/07,259197
Croatia,2018/08,281049
Croatia,2018/09,169662
Croatia,2018/10,165560
Croatia,2018/11,127466
Croatia,2018/12,122695
Croatia,2019/01,87770
Croatia,2019/02,94030
Croatia,2019/03,131031
Croatia,2019/04,172177
Croatia,2019/05,215136
Croatia,2019/06,247727
Croatia,2019/07,289568
Croatia,2019/08,344161
Croatia,2019/09,175061
Croatia,2019/10,181351
Croatia,2019/11,134682
Croatia,2019/12,132745
Croatia,2020/01,97194
Croatia,2020/02,106729
Croatia,2020/03,43260
Croatia,2020/04,1483
Croatia,2020/05,30500
Croatia,2020/06,156065
Croatia,2020/07,276207
Croatia,2020/08,410601
Croatia,2020/09,133052
Croatia,2020/10,95722
Croatia,2020/11,55019
Croatia,2020/12,46766
Croatia,2021/01,71235
Croatia,2021/02,83715
Croatia,2021/03,87963
Croatia,2021/04,121245
Croatia,2021/05,132249
Croatia,2021/06,274876
Croatia,2021/07,366146
Croatia,2021/08,394019
Croatia,2021/09,194363
Croatia,2021/10,174776
Italy,2017/01,3423428
Italy,2017/02,3419167
Italy,2017/03,3950267
Italy,2017/04,5463305
Italy,2017/05,4598373
Italy,2017/06,7254203
Italy,2017/07,8348020
Italy,2017/08,9201254
Italy,2017/09,5326498
Italy,2017/10,3920493
Italy,2017/11,3314708
Italy,2017/12,4452650
Italy,2018/01,3357481
Italy,2018/02,3534342
Italy,2018/03,4347264
Italy,2018/04,5245313
Italy,2018/05,4845996
Italy,2018/06,7669454
Italy,2018/07,7885371
Italy,2018/08,9442327
Italy,2018/09,5829197
Italy,2018/10,4024260
Italy,2018/11,3710370
Italy,2018/12,4527433
Italy,2019/01,3494117
Italy,2019/02,3608671
Italy,2019/03,4491471
Italy,2019/04,5512091
Italy,2019/05,4938497
Italy,2019/06,7651065
Italy,2019/07,8136477
Italy,2019/08,10075746
Italy,2019/09,5750686
Italy,2019/10,4307222
Italy,2019/11,3904888
Italy,2019/12,4500502
Italy,2020/01,3696648
Italy,2020/02,3179022
Italy,2020/03,555009
Italy,2020/04,64375
Italy,2020/05,431539
Italy,2020/06,3019367
Italy,2020/07,6754569
Italy,2020/08,10095720
Italy,2020/09,4944984
Italy,2020/10,2564844
Italy,2020/11,846452
Italy,2020/12,906106
Italy,2021/01,901020
Italy,2021/02,1341015
Italy,2021/03,1034884
Italy,2021/04,1111019
Italy,2021/05,2895964
Italy,2021/06,6182702
Italy,2021/07,8576598
Italy,2021/08,10118081
Italy,2021/09,5919638
Italy,2021/10,
Cyprus,2017/01,32925
Cyprus,2017/02,33428
Cyprus,2017/03,32697
Cyprus,2017/04,38383
Cyprus,2017/05,24618
Cyprus,2017/06,39188
Cyprus,2017/07,54371
Cyprus,2017/08,80675
Cyprus,2017/09,30038
Cyprus,2017/10,27400
Cyprus,2017/11,29115
Cyprus,2017/12,35010
Cyprus,2018/01,30137
Cyprus,2018/02,32883
Cyprus,2018/03,35752
Cyprus,2018/04,34722
Cyprus,2018/05,35517
Cyprus,2018/06,41724
Cyprus,2018/07,60365
Cyprus,2018/08,96825
Cyprus,2018/09,40908
Cyprus,2018/10,31446
Cyprus,2018/11,28226
Cyprus,2018/12,42913
Cyprus,2019/01,34598
Cyprus,2019/02,36524
Cyprus,2019/03,51149
Cyprus,2019/04,39668
Cyprus,2019/05,31752
Cyprus,2019/06,51982
Cyprus,2019/07,61614
Cyprus,2019/08,101221
Cyprus,2019/09,30233
Cyprus,2019/10,27690
Cyprus,2019/11,34165
Cyprus,2019/12,53016
Cyprus,2020/01,46019
Cyprus,2020/02,53620
Cyprus,2020/03,17706
Cyprus,2020/04,119
Cyprus,2020/05,0
Cyprus,2020/06,46310
Cyprus,2020/07,90687
Cyprus,2020/08,150697
Cyprus,2020/09,67182
Cyprus,2020/10,51829
Cyprus,2020/11,15816
Cyprus,2020/12,33296
Cyprus,2021/01,44934
Cyprus,2021/02,
Cyprus,2021/03,
Cyprus,2021/04,
Cyprus,2021/05,
Cyprus,2021/06,
Cyprus,2021/07,
Cyprus,2021/08,
Cyprus,2021/09,
Cyprus,2021/10,
Latvia,2017/01,44569
Latvia,2017/02,42646
Latvia,2017/03,45949
Latvia,2017/04,50535
Latvia,2017/05,63652
Latvia,2017/06,84684
Latvia,2017/07,126052
Latvia,2017/08,115248
Latvia,2017/09,63899
Latvia,2017/10,55931
Latvia,2017/11,49871
Latvia,2017/12,55329
Latvia,2018/01,45653
Latvia,2018/02,47574
Latvia,2018/03,56394
Latvia,2018/04,61403
Latvia,2018/05,68746
Latvia,2018/06,103921
Latvia,2018/07,124709
Latvia,2018/08,125603
Latvia,2018/09,70192
Latvia,2018/10,63351
Latvia,2018/11,56067
Latvia,2018/12,59798
Latvia,2019/01,49691
Latvia,2019/02,50800
Latvia,2019/03,57646
Latvia,2019/04,59773
Latvia,2019/05,76965
Latvia,2019/06,96187
Latvia,2019/07,130530
Latvia,2019/08,124593
Latvia,2019/09,71212
Latvia,2019/10,65652
Latvia,2019/11,62005
Latvia,2019/12,62360
Latvia,2020/01,52902
Latvia,2020/02,56413
Latvia,2020/03,
Latvia,2020/04,10766
Latvia,2020/05,23683
Latvia,2020/06,74282
Latvia,2020/07,133073
Latvia,2020/08,143711
Latvia,2020/09,74507
Latvia,2020/10,72437
Latvia,2020/11,37292
Latvia,2020/12,33811
Latvia,2021/01,30528
Latvia,2021/02,37248
Latvia,2021/03,40965
Latvia,2021/04,43579
Latvia,2021/05,58686
Latvia,2021/06,101417
Latvia,2021/07,172868
Latvia,2021/08,148545
Latvia,2021/09,78159
Latvia,2021/10,55892
Lithuania,2017/01,97024
Lithuania,2017/02,103439
Lithuania,2017/03,106850
Lithuania,2017/04,117581
Lithuania,2017/05,138130
Lithuania,2017/06,171206
Lithuania,2017/07,213755
Lithuania,2017/08,221748
Lithuania,2017/09,151058
Lithuania,2017/10,115902
Lithuania,2017/11,108667
Lithuania,2017/12,124043
Lithuania,2018/01,103926
Lithuania,2018/02,108734
Lithuania,2018/03,112718
Lithuania,2018/04,128870
Lithuania,2018/05,155308
Lithuania,2018/06,202178
Lithuania,2018/07,251429
Lithuania,2018/08,253469
Lithuania,2018/09,164741
Lithuania,2018/10,134114
Lithuania,2018/11,123468
Lithuania,2018/12,136702
Lithuania,2019/01,114106
Lithuania,2019/02,123680
Lithuania,2019/03,136773
Lithuania,2019/04,145253
Lithuania,2019/05,174220
Lithuania,2019/06,224664
Lithuania,2019/07,262225
Lithuania,2019/08,278364
Lithuania,2019/09,178122
Lithuania,2019/10,146638
Lithuania,2019/11,134897
Lithuania,2019/12,149998
Lithuania,2020/01,113274
Lithuania,2020/02,119289
Lithuania,2020/03,59122
Lithuania,2020/04,15061
Lithuania,2020/05,44215
Lithuania,2020/06,175850
Lithuania,2020/07,300342
Lithuania,2020/08,329393
Lithuania,2020/09,200806
Lithuania,2020/10,164002
Lithuania,2020/11,62309
Lithuania,2020/12,34485
Lithuania,2021/01,19646
Lithuania,2021/02,25973
Lithuania,2021/03,36649
Lithuania,2021/04,64499
Lithuania,2021/05,124142
Lithuania,2021/06,232754
Lithuania,2021/07,376383
Lithuania,2021/08,361006
Lithuania,2021/09,211232
Lithuania,2021/10,175147
Luxembourg,2017/01,6553
Luxembourg,2017/02,7144
Luxembourg,2017/03,8813
Luxembourg,2017/04,8687
Luxembourg,2017/05,12165
Luxembourg,2017/06,14203
Luxembourg,2017/07,14416
Luxembourg,2017/08,7321
Luxembourg,2017/09,9031
Luxembourg,2017/10,7494
Luxembourg,2017/11,7124
Luxembourg,2017/12,7124
Luxembourg,2018/01,8726
Luxembourg,2018/02,9228
Luxembourg,2018/03,8064
Luxembourg,2018/04,7960
Luxembourg,2018/05,10406
Luxembourg,2018/06,16454
Luxembourg,2018/07,12152
Luxembourg,2018/08,9628
Luxembourg,2018/09,8678
Luxembourg,2018/10,11363
Luxembourg,2018/11,8412
Luxembourg,2018/12,10233
Luxembourg,2019/01,9097
Luxembourg,2019/02,9434
Luxembourg,2019/03,8583
Luxembourg,2019/04,8192
Luxembourg,2019/05,10686
Luxembourg,2019/06,17443
Luxembourg,2019/07,13009
Luxembourg,2019/08,10131
Luxembourg,2019/09,8177
Luxembourg,2019/10,10626
Luxembourg,2019/11,8692
Luxembourg,2019/12,10069
Luxembourg,2020/01,9722
Luxembourg,2020/02,9157
Luxembourg,2020/03,4210
Luxembourg,2020/04,578
Luxembourg,2020/05,2830
Luxembourg,2020/06,9725
Luxembourg,2020/07,12664
Luxembourg,2020/08,19565
Luxembourg,2020/09,13246
Luxembourg,2020/10,17401
Luxembourg,2020/11,15769
Luxembourg,2020/12,15597
Luxembourg,2021/01,9615
Luxembourg,2021/02,10036
Luxembourg,2021/03,4449
Luxembourg,2021/04,6594
Luxembourg,2021/05,8027
Luxembourg,2021/06,8986
Luxembourg,2021/07,12386
Luxembourg,2021/08,8959
Luxembourg,2021/09,7312
Luxembourg,2021/10,10982
Hungary,2017/01,307585
Hungary,2017/02,346776
Hungary,2017/03,419644
Hungary,2017/04,484480
Hungary,2017/05,596087
Hungary,2017/06,749908
Hungary,2017/07,982728
Hungary,2017/08,944126
Hungary,2017/09,552399
Hungary,2017/10,524025
Hungary,2017/11,451311
Hungary,2017/12,450303
Hungary,2018/01,345375
Hungary,2018/02,386227
Hungary,2018/03,484542
Hungary,2018/04,497553
Hungary,2018/05,636638
Hungary,2018/06,761104
Hungary,2018/07,966104
Hungary,2018/08,994926
Hungary,2018/09,591789
Hungary,2018/10,567871
Hungary,2018/11,484495
Hungary,2018/12,454309
Hungary,2019/01,323433
Hungary,2019/02,342075
Hungary,2019/03,426322
Hungary,2019/04,523300
Hungary,2019/05,615349
Hungary,2019/06,665547
Hungary,2019/07,793997
Hungary,2019/08,868116
Hungary,2019/09,624396
Hungary,2019/10,580830
Hungary,2019/11,471875
Hungary,2019/12,467376
Hungary,2020/01,393402
Hungary,2020/02,422722
Hungary,2020/03,183432
Hungary,2020/04,22552
Hungary,2020/05,85903
Hungary,2020/06,335031
Hungary,2020/07,831015
Hungary,2020/08,1008693
Hungary,2020/09,443452
Hungary,2020/10,400927
Hungary,2020/11,99654
Hungary,2020/12,37520
Hungary,2021/01,36698
Hungary,2021/02,43442
Hungary,2021/03,46116
Hungary,2021/04,45164
Hungary,2021/05,218559
Hungary,2021/06,476399
Hungary,2021/07,878019
Hungary,2021/08,999574
Hungary,2021/09,999574
Hungary,2021/10,502522
Malta,2017/01,12435
Malta,2017/02,19703
Malta,2017/03,16705
Malta,2017/04,11201
Malta,2017/05,9415
Malta,2017/06,11828
Malta,2017/07,12256
Malta,2017/08,12226
Malta,2017/09,12392
Malta,2017/10,9215
Malta,2017/11,17483
Malta,2017/12,22248
Malta,2018/01,13809
Malta,2018/02,20267
Malta,2018/03,21617
Malta,2018/04,12866
Malta,2018/05,10799
Malta,2018/06,11786
Malta,2018/07,12825
Malta,2018/08,14133
Malta,2018/09,14592
Malta,2018/10,10062
Malta,2018/11,19435
Malta,2018/12,22386
Malta,2019/01,13709
Malta,2019/02,20159
Malta,2019/03,22880
Malta,2019/04,14209
Malta,2019/05,12194
Malta,2019/06,14632
Malta,2019/07,13424
Malta,2019/08,15940
Malta,2019/09,13668
Malta,2019/10,12488
Malta,2019/11,22786
Malta,2019/12,24987
Malta,2020/01,16906
Malta,2020/02,27570
Malta,2020/03,6662
Malta,2020/04,96
Malta,2020/05,543
Malta,2020/06,13396
Malta,2020/07,29220
Malta,2020/08,35061
Malta,2020/09,33599
Malta,2020/10,17231
Malta,2020/11,14596
Malta,2020/12,24441
Malta,2021/01,15063
Malta,2021/02,25254
Malta,2021/03,9098
Malta,2021/04,7205
Malta,2021/05,13173
Malta,2021/06,29155
Malta,2021/07,30811
Malta,2021/08,27392
Malta,2021/09,24672
Malta,2021/10,
Netherlands,2017/01,1398748
Netherlands,2017/02,1338715
Netherlands,2017/03,1623058
Netherlands,2017/04,2032251
Netherlands,2017/05,2536610
Netherlands,2017/06,2498978
Netherlands,2017/07,2448133
Netherlands,2017/08,2751425
Netherlands,2017/09,2294109
Netherlands,2017/10,2177108
Netherlands,2017/11,1582145
Netherlands,2017/12,1629661
Netherlands,2018/01,1451609
Netherlands,2018/02,1416971
Netherlands,2018/03,1732311
Netherlands,2018/04,2073001
Netherlands,2018/05,2685282
Netherlands,2018/06,2492361
Netherlands,2018/07,2456390
Netherlands,2018/08,2895253
Netherlands,2018/09,2365773
Netherlands,2018/10,2277975
Netherlands,2018/11,1672993
Netherlands,2018/12,1612367
Netherlands,2019/01,1376169
Netherlands,2019/02,1431856
Netherlands,2019/03,1823857
Netherlands,2019/04,2132039
Netherlands,2019/05,2471588
Netherlands,2019/06,2851157
Netherlands,2019/07,2514402
Netherlands,2019/08,2972119
Netherlands,2019/09,2465586
Netherlands,2019/10,2243209
Netherlands,2019/11,1771783
Netherlands,2019/12,1732834
Netherlands,2020/01,1488460
Netherlands,2020/02,1646384
Netherlands,2020/03,906996
Netherlands,2020/04,300724
Netherlands,2020/05,793424
Netherlands,2020/06,1820224
Netherlands,2020/07,2942546
Netherlands,2020/08,3587688
Netherlands,2020/09,2509319
Netherlands,2020/10,1837196
Netherlands,2020/11,1144639
Netherlands,2020/12,1057813
Netherlands,2021/01,641413
Netherlands,2021/02,872216
Netherlands,2021/03,884139
Netherlands,2021/04,1442938
Netherlands,2021/05,2918530
Netherlands,2021/06,2780942
Netherlands,2021/07,3259979
Netherlands,2021/08,3940344
Netherlands,2021/09,2888144
Netherlands,2021/10,
Austria,2017/01,852895
Austria,2017/02,916156
Austria,2017/03,966067
Austria,2017/04,829085
Austria,2017/05,1030595
Austria,2017/06,1246633
Austria,2017/07,1398720
Austria,2017/08,1471860
Austria,2017/09,1201816
Austria,2017/10,1008771
Austria,2017/11,843016
Austria,2017/12,915003
Austria,2018/01,897497
Austria,2018/02,941641
Austria,2018/03,1009406
Austria,2018/04,888184
Austria,2018/05,1114141
Austria,2018/06,1236815
Austria,2018/07,1423850
Austria,2018/08,1508042
Austria,2018/09,1209289
Austria,2018/10,1070523
Austria,2018/11,903002
Austria,2018/12,884883
Austria,2019/01,885856
Austria,2019/02,998096
Austria,2019/03,997880
Austria,2019/04,854885
Austria,2019/05,1119690
Austria,2019/06,1347160
Austria,2019/07,1406464
Austria,2019/08,1587061
Austria,2019/09,1244297
Austria,2019/10,1089587
Austria,2019/11,910375
Austria,2019/12,917766
Austria,2020/01,942418
Austria,2020/02,1007659
Austria,2020/03,364994
Austria,2020/04,33431
Austria,2020/05,189207
Austria,2020/06,900243
Austria,2020/07,1512535
Austria,2020/08,1812539
Austria,2020/09,1228880
Austria,2020/10,798254
Austria,2020/11,147407
Austria,2020/12,96768
Austria,2021/01,99203
Austria,2021/02,120210
Austria,2021/03,167093
Austria,2021/04,154264
Austria,2021/05,483384
Austria,2021/06,1088098
Austria,2021/07,1524408
Austria,2021/08,1713485
Austria,2021/09,1344451
Austria,2021/10,1128786
Poland,2017/01,1501664
Poland,2017/02,1567187
Poland,2017/03,1658155
Poland,2017/04,1766618
Poland,2017/05,2237521
Poland,2017/06,2577599
Poland,2017/07,2941392
Poland,2017/08,2985117
Poland,2017/09,2431668
Poland,2017/10,2071933
Poland,2017/11,1793854
Poland,2017/12,1652969
Poland,2018/01,1632581
Poland,2018/02,1659301
Poland,2018/03,1702124
Poland,2018/04,1930240
Poland,2018/05,2378004
Poland,2018/06,2704349
Poland,2018/07,3105922
Poland,2018/08,3237115
Poland,2018/09,2578282
Poland,2018/10,2235077
Poland,2018/11,1934560
Poland,2018/12,1716144
Poland,2019/01,1733833
Poland,2019/02,1796211
Poland,2019/03,1886018
Poland,2019/04,1888225
Poland,2019/05,2602028
Poland,2019/06,2880072
Poland,2019/07,3179069
Poland,2019/08,3439013
Poland,2019/09,2624186
Poland,2019/10,2326995
Poland,2019/11,2063752
Poland,2019/12,1778143
Poland,2020/01,1857402
Poland,2020/02,1956569
Poland,2020/03,722124
Poland,2020/04,74562
Poland,2020/05,367228
Poland,2020/06,1231539
Poland,2020/07,2432575
Poland,2020/08,2888448
Poland,2020/09,1935725
Poland,2020/10,1189983
Poland,2020/11,531137
Poland,2020/12,427916
Poland,2021/01,188299
Poland,2021/02,650508
Poland,2021/03,600717
Poland,2021/04,340893
Poland,2021/05,1019312
Poland,2021/06,2084436
Poland,2021/07,3240879
Poland,2021/08,3428993
Poland,2021/09,2633349
Poland,2021/10,
Portugal,2017/01,508009
Portugal,2017/02,590034
Portugal,2017/03,659753
Portugal,2017/04,890900
Portugal,2017/05,787955
Portugal,2017/06,975907
Portugal,2017/07,1208834
Portugal,2017/08,1484882
Portugal,2017/09,1013802
Portugal,2017/10,808291
Portugal,2017/11,609263
Portugal,2017/12,720134
Portugal,2018/01,537280
Portugal,2018/02,640709
Portugal,2018/03,746146
Portugal,2018/04,808094
Portugal,2018/05,864893
Portugal,2018/06,991711
Portugal,2018/07,1215509
Portugal,2018/08,1601741
Portugal,2018/09,1105660
Portugal,2018/10,888273
Portugal,2018/11,681719
Portugal,2018/12,748884
Portugal,2019/01,579398
Portugal,2019/02,648683
Portugal,2019/03,832503
Portugal,2019/04,930994
Portugal,2019/05,950238
Portugal,2019/06,1162758
Portugal,2019/07,1263095
Portugal,2019/08,1707525
Portugal,2019/09,1148749
Portugal,2019/10,877950
Portugal,2019/11,794500
Portugal,2019/12,798247
Portugal,2020/01,656283
Portugal,2020/02,802118
Portugal,2020/03,299679
Portugal,2020/04,39568
Portugal,2020/05,126223
Portugal,2020/06,504797
Portugal,2020/07,886335
Portugal,2020/08,1549791
Portugal,2020/09,946881
Portugal,2020/10,668757
Portugal,2020/11,298552
Portugal,2020/12,351818
Portugal,2021/01,218230
Portugal,2021/02,178096
Portugal,2021/03,243171
Portugal,2021/04,386066
Portugal,2021/05,740318
Portugal,2021/06,999018
Portugal,2021/07,1192843
Portugal,2021/08,1746713
Portugal,2021/09,1140533
Portugal,2021/10,
Romania,2017/01,523499
Romania,2017/02,543439
Romania,2017/03,547398
Romania,2017/04,604580
Romania,2017/05,715435
Romania,2017/06,917285
Romania,2017/07,1230158
Romania,2017/08,1356104
Romania,2017/09,880728
Romania,2017/10,711626
Romania,2017/11,649193
Romania,2017/12,627559
Romania,2018/01,573045
Romania,2018/02,561129
Romania,2018/03,574388
Romania,2018/04,631718
Romania,2018/05,735018
Romania,2018/06,914787
Romania,2018/07,1276918
Romania,2018/08,1520457
Romania,2018/09,1006010
Romania,2018/10,826705
Romania,2018/11,738399
Romania,2018/12,665908
Romania,2019/01,618621
Romania,2019/02,623876
Romania,2019/03,631270
Romania,2019/04,681807
Romania,2019/05,831301
Romania,2019/06,1022762
Romania,2019/07,1350243
Romania,2019/08,1557077
Romania,2019/09,1024725
Romania,2019/10,843025
Romania,2019/11,726382
Romania,2019/12,685959
Romania,2020/01,668636
Romania,2020/02,603642
Romania,2020/03,
Romania,2020/04,15503
Romania,2020/05,33262
Romania,2020/06,320964
Romania,2020/07,887688
Romania,2020/08,1269122
Romania,2020/09,761701
Romania,2020/10,468419
Romania,2020/11,319992
Romania,2020/12,325322
Romania,2021/01,461725
Romania,2021/02,477897
Romania,2021/03,406344
Romania,2021/04,424284
Romania,2021/05,572067
Romania,2021/06,734585
Romania,2021/07,1306422
Romania,2021/08,1577320
Romania,2021/09,931559
Romania,2021/10,
Slovenia,2017/01,78992
Slovenia,2017/02,110757
Slovenia,2017/03,105770
Slovenia,2017/04,95735
Slovenia,2017/05,94475
Slovenia,2017/06,121768
Slovenia,2017/07,146838
Slovenia,2017/08,159184
Slovenia,2017/09,100272
Slovenia,2017/10,112449
Slovenia,2017/11,86932
Slovenia,2017/12,96356
Slovenia,2018/01,98993
Slovenia,2018/02,124270
Slovenia,2018/03,111970
Slovenia,2018/04,116666
Slovenia,2018/05,104089
Slovenia,2018/06,143714
Slovenia,2018/07,152390
Slovenia,2018/08,178968
Slovenia,2018/09,119624
Slovenia,2018/10,121403
Slovenia,2018/11,100936
Slovenia,2018/12,107888
Slovenia,2019/01,89594
Slovenia,2019/02,147281
Slovenia,2019/03,124108
Slovenia,2019/04,100782
Slovenia,2019/05,118241
Slovenia,2019/06,151027
Slovenia,2019/07,146064
Slovenia,2019/08,188024
Slovenia,2019/09,122367
Slovenia,2019/10,131104
Slovenia,2019/11,98696
Slovenia,2019/12,109885
Slovenia,2020/01,95576
Slovenia,2020/02,127754
Slovenia,2020/03,
Slovenia,2020/04,0
Slovenia,2020/05,13431
Slovenia,2020/06,153607
Slovenia,2020/07,403344
Slovenia,2020/08,511973
Slovenia,2020/09,361659
Slovenia,2020/10,133488
Slovenia,2020/11,5918
Slovenia,2020/12,5054
Slovenia,2021/01,6396
Slovenia,2021/02,9931
Slovenia,2021/03,11712
Slovenia,2021/04,20517
Slovenia,2021/05,79238
Slovenia,2021/06,248689
Slovenia,2021/07,361933
Slovenia,2021/08,435325
Slovenia,2021/09,309334
Slovenia,2021/10,
Slovakia,2017/01,211334
Slovakia,2017/02,241487
Slovakia,2017/03,244936
Slovakia,2017/04,228319
Slovakia,2017/05,275839
Slovakia,2017/06,306391
Slovakia,2017/07,321919
Slovakia,2017/08,340413
Slovakia,2017/09,280776
Slovakia,2017/10,262089
Slovakia,2017/11,234352
Slovakia,2017/12,210411
Slovakia,2018/01,217503
Slovakia,2018/02,242451
Slovakia,2018/03,259487
Slovakia,2018/04,236132
Slovakia,2018/05,273560
Slovakia,2018/06,319669
Slovakia,2018/07,324327
Slovakia,2018/08,366048
Slovakia,2018/09,282497
Slovakia,2018/10,289300
Slovakia,2018/11,247937
Slovakia,2018/12,214313
Slovakia,2019/01,238534
Slovakia,2019/02,274291
Slovakia,2019/03,273254
Slovakia,2019/04,265503
Slovakia,2019/05,321317
Slovakia,2019/06,357981
Slovakia,2019/07,399925
Slovakia,2019/08,450543
Slovakia,2019/09,337704
Slovakia,2019/10,359228
Slovakia,2019/11,315503
Slovakia,2019/12,264898
Slovakia,2020/01,274862
Slovakia,2020/02,308351
Slovakia,2020/03,
Slovakia,2020/04,5923
Slovakia,2020/05,34293
Slovakia,2020/06,153830
Slovakia,2020/07,406439
Slovakia,2020/08,494076
Slovakia,2020/09,288590
Slovakia,2020/10,97730
Slovakia,2020/11,55961
Slovakia,2020/12,54225
Slovakia,2021/01,20388
Slovakia,2021/02,23304
Slovakia,2021/03,27212
Slovakia,2021/04,42009
Slovakia,2021/05,99369
Slovakia,2021/06,233403
Slovakia,2021/07,466353
Slovakia,2021/08,518770
Slovakia,2021/09,315852
Slovakia,2021/10,
Finland,2017/01,495975
Finland,2017/02,582005
Finland,2017/03,659132
Finland,2017/04,624065
Finland,2017/05,622090
Finland,2017/06,840639
Finland,2017/07,1330612
Finland,2017/08,892994
Finland,2017/09,716536
Finland,2017/10,675879
Finland,2017/11,622164
Finland,2017/12,552049
Finland,2018/01,503649
Finland,2018/02,593005
Finland,2018/03,691222
Finland,2018/04,629158
Finland,2018/05,642506
Finland,2018/06,871526
Finland,2018/07,1297343
Finland,2018/08,923614
Finland,2018/09,724103
Finland,2018/10,681163
Finland,2018/11,641598
Finland,2018/12,544066
Finland,2019/01,506480
Finland,2019/02,617061
Finland,2019/03,692521
Finland,2019/04,656129
Finland,2019/05,665728
Finland,2019/06,938143
Finland,2019/07,1422187
Finland,2019/08,956553
Finland,2019/09,745034
Finland,2019/10,710213
Finland,2019/11,688231
Finland,2019/12,538159
Finland,2020/01,560625
Finland,2020/02,664976
Finland,2020/03,334137
Finland,2020/04,61667
Finland,2020/05,113707
Finland,2020/06,578593
Finland,2020/07,1439955
Finland,2020/08,876633
Finland,2020/09,596891
Finland,2020/10,530777
Finland,2020/11,381299
Finland,2020/12,307345
Finland,2021/01,290199
Finland,2021/02,381571
Finland,2021/03,312816
Finland,2021/04,302882
Finland,2021/05,401319
Finland,2021/06,898882
Finland,2021/07,1808955
Finland,2021/08,1015705
Finland,2021/09,738538
Finland,2021/10,823148
Sweden,2017/01,1247554
Sweden,2017/02,1335980
Sweden,2017/03,1569294
Sweden,2017/04,1512653
Sweden,2017/05,2104134
Sweden,2017/06,2229955
Sweden,2017/07,3694824
Sweden,2017/08,2754119
Sweden,2017/09,1847116
Sweden,2017/10,1665670
Sweden,2017/11,1580763
Sweden,2017/12,1285360
Sweden,2018/01,1275617
Sweden,2018/02,1375893
Sweden,2018/03,1607157
Sweden,2018/04,1589882
Sweden,2018/05,2019875
Sweden,2018/06,2293751
Sweden,2018/07,3650270
Sweden,2018/08,2832318
Sweden,2018/09,1820786
Sweden,2018/10,1722457
Sweden,2018/11,1641160
Sweden,2018/12,1722457
Sweden,2019/01,1290370
Sweden,2019/02,1393805
Sweden,2019/03,1630267
Sweden,2019/04,1625446
Sweden,2019/05,2326862
Sweden,2019/06,2447975
Sweden,2019/07,4039887
Sweden,2019/08,2938162
Sweden,2019/09,1900718
Sweden,2019/10,1820162
Sweden,2019/11,1711123
Sweden,2019/12,1365698
Sweden,2020/01,1363043
Sweden,2020/02,1538999
Sweden,2020/03,925321
Sweden,2020/04,480562
Sweden,2020/05,864441
Sweden,2020/06,1444437
Sweden,2020/07,3612968
Sweden,2020/08,2368269
Sweden,2020/09,1435832
Sweden,2020/10,1460338
Sweden,2020/11,610128
Sweden,2020/12,589895
Sweden,2021/01,618185
Sweden,2021/02,788695
Sweden,2021/03,832614
Sweden,2021/04,963486
Sweden,2021/05,1325331
Sweden,2021/06,2181500
Sweden,2021/07,4425061
Sweden,2021/08,3104676
Sweden,2021/09,1831335
Sweden,2021/10,
Iceland,2017/01,23267
Iceland,2017/02,29709
Iceland,2017/03,36356
Iceland,2017/04,34481
Iceland,2017/05,46551
Iceland,2017/06,84064
Iceland,2017/07,165945
Iceland,2017/08,115802
Iceland,2017/09,49061
Iceland,2017/10,42469
Iceland,2017/11,32410
Iceland,2017/12,25496
Iceland,2018/01,25262
Iceland,2018/02,32182
Iceland,2018/03,42453
Iceland,2018/04,40422
Iceland,2018/05,48515
Iceland,2018/06,89306
Iceland,2018/07,154646
Iceland,2018/08,113254
Iceland,2018/09,50058
Iceland,2018/10,40162
Iceland,2018/11,35093
Iceland,2018/12,28779
Iceland,2019/01,24161
Iceland,2019/02,28901
Iceland,2019/03,37331
Iceland,2019/04,33263
Iceland,2019/05,37928
Iceland,2019/06,85840
Iceland,2019/07,159238
Iceland,2019/08,107206
Iceland,2019/09,49269
Iceland,2019/10,37331
Iceland,2019/11,32138
Iceland,2019/12,29508
Iceland,2020/01,33627
Iceland,2020/02,37688
Iceland,2020/03,21481
Iceland,2020/04,5357
Iceland,2020/05,40994
Iceland,2020/06,139343
Iceland,2020/07,332355
Iceland,2020/08,183214
Iceland,2020/09,46046
Iceland,2020/10,22218
Iceland,2020/11,12845
Iceland,2020/12,15217
Iceland,2021/01,22608
Iceland,2021/02,39715
Iceland,2021/03,39734
Iceland,2021/04,31336
Iceland,2021/05,64519
Iceland,2021/06,140878
Iceland,2021/07,270440
Iceland,2021/08,
Iceland,2021/09,
Iceland,2021/10,
Liechtenstein,2017/01,223
Liechtenstein,2017/02,152
Liechtenstein,2017/03,138
Liechtenstein,2017/04,53
Liechtenstein,2017/05,69
Liechtenstein,2017/06,138
Liechtenstein,2017/07,201
Liechtenstein,2017/08,212
Liechtenstein,2017/09,198
Liechtenstein,2017/10,104
Liechtenstein,2017/11,67
Liechtenstein,2017/12,122
Liechtenstein,2018/01,147
Liechtenstein,2018/02,120
Liechtenstein,2018/03,142
Liechtenstein,2018/04,65
Liechtenstein,2018/05,52
Liechtenstein,2018/06,247
Liechtenstein,2018/07,482
Liechtenstein,2018/08,471
Liechtenstein,2018/09,222
Liechtenstein,2018/10,92
Liechtenstein,2018/11,72
Liechtenstein,2018/12,121
Liechtenstein,2019/01,111
Liechtenstein,2019/02,93
Liechtenstein,2019/03,175
Liechtenstein,2019/04,39
Liechtenstein,2019/05,99
Liechtenstein,2019/06,167
Liechtenstein,2019/07,242
Liechtenstein,2019/08,290
Liechtenstein,2019/09,251
Liechtenstein,2019/10,119
Liechtenstein,2019/11,83
Liechtenstein,2019/12,112
Liechtenstein,2020/01,119
Liechtenstein,2020/02,135
Liechtenstein,2020/03,48
Liechtenstein,2020/04,18
Liechtenstein,2020/05,26
Liechtenstein,2020/06,80
Liechtenstein,2020/07,129
Liechtenstein,2020/08,143
Liechtenstein,2020/09,118
Liechtenstein,2020/10,173
Liechtenstein,2020/11,149
Liechtenstein,2020/12,194
Liechtenstein,2021/01,230
Liechtenstein,2021/02,232
Liechtenstein,2021/03,212
Liechtenstein,2021/04,172
Liechtenstein,2021/05,210
Liechtenstein,2021/06,207
Liechtenstein,2021/07,181
Liechtenstein,2021/08,231
Liechtenstein,2021/09,268
Liechtenstein,2021/10,
Norway,2017/01,703496
Norway,2017/02,801629
Norway,2017/03,960265
Norway,2017/04,827464
Norway,2017/05,1009939
Norway,2017/06,1318561
Norway,2017/07,2012995
Norway,2017/08,1539230
Norway,2017/09,1179888
Norway,2017/10,970560
Norway,2017/11,945336
Norway,2017/12,659885
Norway,2018/01,743692
Norway,2018/02,790436
Norway,2018/03,893064
Norway,2018/04,862407
Norway,2018/05,1002862
Norway,2018/06,1379084
Norway,2018/07,2022309
Norway,2018/08,1482576
Norway,2018/09,1111122
Norway,2018/10,965865
Norway,2018/11,948808
Norway,2018/12,638650
Norway,2019/01,747688
Norway,2019/02,777087
Norway,2019/03,962565
Norway,2019/04,962565
Norway,2019/05,1034178
Norway,2019/06,1389757
Norway,2019/07,2003916
Norway,2019/08,1551665
Norway,2019/09,1142418
Norway,2019/10,1007144
Norway,2019/11,991468
Norway,2019/12,677676
Norway,2020/01,798037
Norway,2020/02,861902
Norway,2020/03,378215
Norway,2020/04,103810
Norway,2020/05,355035
Norway,2020/06,1066450
Norway,2020/07,2910664
Norway,2020/08,1408286
Norway,2020/09,807279
Norway,2020/10,687342
Norway,2020/11,335730
Norway,2020/12,322108
Norway,2021/01,249323
Norway,2021/02,331994
Norway,2021/03,324862
Norway,2021/04,293429
Norway,2021/05,293429
Norway,2021/06,1188186
Norway,2021/07,2790367
Norway,2021/08,1699571
Norway,2021/09,1114566
Norway,2021/10,1087852
Switzerland,2017/01,819578
Switzerland,2017/02,978550
Switzerland,2017/03,905009
Switzerland,2017/04,790070
Switzerland,2017/05,854512
Switzerland,2017/06,1099954
Switzerland,2017/07,1446883
Switzerland,2017/08,1311438
Switzerland,2017/09,1169495
Switzerland,2017/10,967975
Switzerland,2017/11,584359
Switzerland,2017/12,759538
Switzerland,2018/01,846830
Switzerland,2018/02,977252
Switzerland,2018/03,987446
Switzerland,2018/04,781121
Switzerland,2018/05,901350
Switzerland,2018/06,1155168
Switzerland,2018/07,1492295
Switzerland,2018/08,1414300
Switzerland,2018/09,1311992
Switzerland,2018/10,981060
Switzerland,2018/11,616314
Switzerland,2018/12,
Switzerland,2019/01,848970
Switzerland,2019/02,1003645
Switzerland,2019/03,1005459
Switzerland,2019/04,
Switzerland,2019/05,899631
Switzerland,2019/06,1213189
Switzerland,2019/07,1545091
Switzerland,2019/08,1505809
Switzerland,2019/09,1270450
Switzerland,2019/10,989039
Switzerland,2019/11,659212
Switzerland,2019/12,817137
Switzerland,2020/01,929600
Switzerland,2020/02,1099514
Switzerland,2020/03,394770
Switzerland,2020/04,55576
Switzerland,2020/05,297642
Switzerland,2020/06,879085
Switzerland,2020/07,1641150
Switzerland,2020/08,1646522
Switzerland,2020/09,1446816
Switzerland,2020/10,1038893
Switzerland,2020/11,391138
Switzerland,2020/12,592470
Switzerland,2021/01,
Switzerland,2021/02,907507
Switzerland,2021/03,824688
Switzerland,2021/04,1093861
Switzerland,2021/05,1162279
Switzerland,2021/06,1256993
Switzerland,2021/07,
Switzerland,2021/08,
Switzerland,2021/09,
Switzerland,2021/10,
United Kingdom,2017/01,2960790
United Kingdom,2017/02,4189897
United Kingdom,2017/03,5960743
United Kingdom,2017/04,7488610
United Kingdom,2017/05,7316201
United Kingdom,2017/06,8156074
United Kingdom,2017/07,9988983
United Kingdom,2017/08,11542892
United Kingdom,2017/09,6965097
United Kingdom,2017/10,6691354
United Kingdom,2017/11,5480924
United Kingdom,2017/12,4421711
United Kingdom,2018/01,3976816
United Kingdom,2018/02,5061824
United Kingdom,2018/03,5294781
United Kingdom,2018/04,6710830
United Kingdom,2018/05,8930520
United Kingdom,2018/06,8557520
United Kingdom,2018/07,10051383
United Kingdom,2018/08,11272175
United Kingdom,2018/09,7901003
United Kingdom,2018/10,5821004
United Kingdom,2018/11,4766699
United Kingdom,2018/12,4784049
United Kingdom,2019/01,4015928
United Kingdom,2019/02,4486768
United Kingdom,2019/03,5587086
United Kingdom,2019/04,8853099
United Kingdom,2019/05,9531528
United Kingdom,2019/06,9003500
United Kingdom,2019/07,11132450
United Kingdom,2019/08,11196188
United Kingdom,2019/09,6979639
United Kingdom,2019/10,8306365
United Kingdom,2019/11,4672892
United Kingdom,2019/12,4414846
United Kingdom,2020/01,3734197
United Kingdom,2020/02,5034534
United Kingdom,2020/03,3658633
United Kingdom,2020/04,
United Kingdom,2020/05,
United Kingdom,2020/06,
United Kingdom,2020/07,
United Kingdom,2020/08,
United Kingdom,2020/09,
United Kingdom,2020/10,
United Kingdom,2020/11,
United Kingdom,2020/12,
United Kingdom,2021/01,
United Kingdom,2021/02,
United Kingdom,2021/03,
United Kingdom,2021/04,
United Kingdom,2021/05,
United Kingdom,2021/06,
United Kingdom,2021/07,
United Kingdom,2021/08,
United Kingdom,2021/09,
United Kingdom,2021/10,
